Country,Count,CountryName,CapitalName,ISO2,ISO3,Coordinates,Latitude,Longitude,OtherNames
suisse,362,suisse,berne (de facto),CH,CHE,"(53.156582, 8.385292)",53.156582,8.385292,[]
etats-unis,132,etats-unis,washington,US,USA,"(38.82652, -77.01712)",38.82652,-77.01712,"['USA', 'Les États']"
france,116,france,paris,FR,FRA,"(48.858705, 2.342865)",48.858705,2.342865,[]
schweiz,78,,,,,,,,
royaume-uni,43,royaume-uni,londres,GB,GBR,"(51.509648, -0.099076)",51.509648,-0.099076,"['Angleterre', 'Écosse', 'Wales', 'Pays de Galles', 'UK']"
russie,42,russie,moscou,RU,RUS,"(55.741469, 37.615561)",55.741469,37.615561,['Fédération de Russie']
allemagne,35,allemagne,berlin,DE,DEU,"(52.524932, 13.407032)",52.524932,13.407032,[]
italie,31,italie,rome,IT,ITA,"(41.878243, 12.528091)",41.878243,12.528091,[]
ukraine,29,ukraine,kiev,UA,UKR,"(50.469863, 30.431971)",50.469863,30.431971,[]
belgique,25,belgique,bruxelles,BE,BEL,"(50.843183, 4.371755)",50.843183,4.371755,[]
espagne,24,espagne,madrid,ES,ESP,"(40.429913, -3.669245)",40.429913,-3.669245,[]
roumanie,23,roumanie,bucarest,RO,ROU,"(44.435842, 26.085733)",44.435842,26.085733,[]
chine,22,chine,pekin,CN,CHN,"(39.937967, 116.417592)",39.937967,116.417592,['République populaire de Chine']
pays-bas,19,pays-bas,amsterdam (officielle),NL,NLD,"(52.37243, 4.89973)",52.37243,4.89973,['Hollande']
pays-bas,19,pays-bas,la haye (de facto),NL,NLD,"(51.84593, 0.85745)",51.84593,0.85745,['Hollande']
japon,17,japon,tokyo,JP,JPN,"(35.695126, 139.75391)",35.695126,139.75391,[]
finlande,17,finlande,helsinki,FI,FIN,"(60.20787, 24.99935)",60.20787,24.99935,[]
qatar,16,qatar,doha,QA,QAT,"(25.251557, 51.564826)",25.251557,51.564826,[]
danemark,14,danemark,copenhague,DK,DNK,"(55.704438, 12.502119)",55.704438,12.502119,[]
canada,14,canada,ottawa,CA,CAN,"(45.209415, -75.783876)",45.209415,-75.783876,[]
kosovo,14,kosovo,pristina,XK,,"(42.67272, 21.16688)",42.67272,21.16688,[]
mexique,12,mexique,mexico,MX,MEX,"(19.371422, -99.150344)",19.371422,-99.150344,[]
inde,12,inde,new delhi,IN,IND,"(28.557163, 77.163665)",28.557163,77.163665,[]
portugal,12,portugal,lisbonne,PT,PRT,"(38.748243, -9.140093)",38.748243,-9.140093,[]
hongrie,11,hongrie,budapest,HU,HUN,"(47.516581, 19.092281)",47.516581,19.092281,[]
norvege,11,norvege,oslo,NO,NOR,"(59.974453, 10.735045)",59.974453,10.735045,[]
pologne,10,pologne,varsovie,PL,POL,"(52.237695, 21.005427)",52.237695,21.005427,[]
autriche,10,autriche,vienne,AT,AUT,"(48.198674, 16.348388)",48.198674,16.348388,[]
turquie,9,turquie,ankara,TR,TUR,"(39.91987, 32.85427)",39.91987,32.85427,[]
argentine,9,argentine,buenos aires,AR,ARG,"(-34.607357, -58.454595)",-34.607357,-58.454595,[]
grece,8,grece,athenes,GR,GRC,"(37.988579, 23.728541)",37.988579,23.728541,[]
bulgarie,8,bulgarie,sofia,BG,BGR,"(42.685984, 23.326714)",42.685984,23.326714,[]
australie,8,australie,canberra,AU,AUS,"(-35.470057, 148.954507)",-35.470057,148.954507,[]
slovaquie,7,slovaquie,bratislava,SK,SVK,"(48.165064, 17.145673)",48.165064,17.145673,['République slovaque']
croatie,7,croatie,zagreb,HR,HRV,"(45.806026, 15.976218)",45.806026,15.976218,[]
coree du nord,7,coree du nord,pyongyang,KP,PRK,"(39.07094, 125.819733)",39.07094,125.819733,['République Populaire Démocratique de Corée']
serbie,6,serbie,belgrade,RS,SRB,"(44.782449, 20.46444)",44.782449,20.46444,[]
liban,6,liban,beyrouth,LB,LBN,"(33.88432, 35.501527)",33.88432,35.501527,[]
islande,6,islande,reykjavik,IS,ISL,"(64.09518, -21.861966)",64.09518,-21.861966,[]
taiwan,6,taiwan,taipei,TW,TWN,"(25.04776, 121.53185)",25.04776,121.53185,[]
bangladesh,6,bangladesh,dacca,BD,BGD,"(23.7104, 90.40744)",23.7104,90.40744,[]
monaco,6,monaco,monaco,MC,MCO,"(43.733783, 7.418464)",43.733783,7.418464,[]
colombie,6,colombie,bogota,CO,COL,"(4.635456, -74.08768)",4.635456,-74.08768,[]
luxembourg,6,luxembourg,luxembourg,LU,LUX,"(49.6113, 6.12941)",49.6113,6.12941,[]
bosnie-herzegovine,6,bosnie-herzegovine,sarajevo,BA,BIH,"(43.84864, 18.35644)",43.84864,18.35644,[]
coree du sud,6,coree du sud,sejong (de facto),KR,KOR,"(36.59245, 127.29223)",36.59245,127.29223,['République de Corée']
coree du sud,6,coree du sud,seoul,KR,KOR,"(37.539619, 127.009676)",37.539619,127.009676,['République de Corée']
rwanda,5,rwanda,kigali,RW,RWA,"(-1.947466, 30.059795)",-1.947466,30.059795,[]
thailande,5,thailande,bangkok,TH,THA,"(13.881591, 100.644533)",13.881591,100.644533,[]
nouvelle-zelande,5,nouvelle-zelande,wellington,NZ,NZL,"(-41.281385, 175.32902)",-41.281385,175.32902,[]
irlande,5,irlande,dublin,IE,IRL,"(53.340305, -6.293676)",53.340305,-6.293676,[]
philippines,5,philippines,manille,PH,PHL,"(14.593819, 120.992302)",14.593819,120.992302,[]
kenya,5,kenya,nairobi,KE,KEN,"(-1.28333, 36.81667)",-1.28333,36.81667,[]
somalie,5,somalie,mogadiscio,SO,SOM,"(2.03711, 45.34375)",2.03711,45.34375,[]
yemen,5,yemen,aden (de facto),YE,YEM,"(12.77944, 45.03667)",12.77944,45.03667,[]
yemen,5,yemen,sanaa (de jure),YE,YEM,"(15.35472, 44.20667)",15.35472,44.20667,[]
viet nam,5,viet nam,hanoi,VN,VNM,"(21.0245, 105.84117)",21.0245,105.84117,['Vietnam']
egypte,5,egypte,le caire,EG,EGY,"(30.079694, 31.323437)",30.079694,31.323437,[]
slovenie,5,slovenie,ljubljana,SI,SVN,"(46.063562, 14.48854)",46.063562,14.48854,[]
lettonie,4,lettonie,riga,LV,LVA,"(56.971149, 24.142749)",56.971149,24.142749,[]
syrie,4,syrie,damas,SY,SYR,"(33.5102, 36.29128)",33.5102,36.29128,['République arabe syrienne']
suede,4,suede,stockholm,SE,SWE,"(59.275254, 18.035164)",59.275254,18.035164,[]
burkina faso,4,burkina faso,ouagadougou,BF,BFA,"(12.36566, -1.53388)",12.36566,-1.53388,[]
malaisie,4,malaisie,kuala lumpur (officielle),MY,MYS,"(3.160318, 101.691466)",3.160318,101.691466,[]
malaisie,4,malaisie,putrajaya (administrative),MY,MYS,"(2.943754, 101.688862)",2.943754,101.688862,[]
senegal,4,senegal,dakar,SN,SEN,"(14.713018, -17.454726)",14.713018,-17.454726,[]
afrique du sud,4,afrique du sud,bloemfontein (judiciaire),ZA,ZAF,"(-29.119994, 26.229913)",-29.119994,26.229913,[]
afrique du sud,4,afrique du sud,le cap (legislative),ZA,ZAF,"(19.680859, -72.130363)",19.680859,-72.130363,[]
afrique du sud,4,afrique du sud,pretoria (administrative),ZA,ZAF,"(-25.746763, 28.206091)",-25.746763,28.206091,[]
costa rica,4,costa rica,san jose,CR,CRI,"(37.354559, -121.883844)",37.354559,-121.883844,[]
moldavie,4,moldavie,chisinau,MD,MDA,"(47.020682, 28.854719)",47.020682,28.854719,[]
malte,4,malte,la valette,MT,MLT,"(35.898936, 14.512859)",35.898936,14.512859,[]
kazakhstan,4,kazakhstan,astana,KZ,KAZ,"(51.189242, 71.43209)",51.189242,71.43209,[]
bresil,3,bresil,brasilia,BR,BRA,"(-11.929178, -49.542799)",-11.929178,-49.542799,[]
mauritanie,3,mauritanie,nouakchott,MR,MRT,"(18.088014, -15.983744)",18.088014,-15.983744,[]
iran,3,iran,teheran,IR,IRN,"(35.69439, 51.42151)",35.69439,51.42151,"[""République islamique d'Iran""]"
liechtenstein,3,liechtenstein,vaduz,LI,LIE,"(47.167938, 9.512335)",47.167938,9.512335,[]
bolivie,3,bolivie,la paz (gouvernement et ambassades),BO,BOL,"(None, None)",,,['État plurinational de Bolivie']
bolivie,3,bolivie,sucre (constitutionnelle),BO,BOL,"(10.461084, -63.119298)",10.461084,-63.119298,['État plurinational de Bolivie']
mali,3,mali,bamako,ML,MLI,"(12.65, -8)",12.65,-8.0,[]
saint-marin,3,saint-marin,saint-marin,SM,SMR,"(43.936245, 12.447407)",43.936245,12.447407,[]
republique tcheque,3,republique tcheque,prague,CZ,CZE,"(50.06694, 14.460249)",50.06694,14.460249,['Tchéquie']
vatican,3,vatican,vatican,VA,VAT,"(41.903542, 12.453083)",41.903542,12.453083,[]
nicaragua,3,nicaragua,managua,NI,NIC,"(12.13282, -86.2504)",12.13282,-86.2504,[]
bahamas,3,bahamas,nassau,BS,BHS,"(25.05823, -77.34306)",25.05823,-77.34306,[]
zimbabwe,3,zimbabwe,harare,ZW,ZWE,"(-17.82772, 31.05337)",-17.82772,31.05337,[]
azerbaidjan,2,azerbaidjan,bakou,AZ,AZE,"(40.378395, 49.840288)",40.378395,49.840288,[]
bielorussie,2,bielorussie,minsk,BY,BLR,"(53.9, 27.56667)",53.9,27.56667,[]
arabie saoudite,2,arabie saoudite,riyad,SA,SAU,"(24.664126, 46.814232)",24.664126,46.814232,[]
grenade,2,grenade,saint-georges,GD,GRD,"(32.370019, -64.686767)",32.370019,-64.686767,[]
irak,2,irak,bagdad,IQ,IRQ,"(33.340336, 44.329214)",33.340336,44.329214,[]
perou,2,perou,lima,PE,PER,"(-12.049141, -77.021217)",-12.049141,-77.021217,[]
salvador,2,salvador,san salvador,SV,SLV,"(13.698156, -89.191355)",13.698156,-89.191355,[]
pakistan,2,pakistan,islamabad,PK,PAK,"(33.679668, 73.029883)",33.679668,73.029883,[]
niger,2,niger,niamey,NE,NER,"(13.51366, 2.1098)",13.51366,2.1098,[]
armenie,2,armenie,erevan,AM,ARM,"(40.155704, 44.524938)",40.155704,44.524938,[]
birmanie,2,birmanie,naypyidaw,MM,MMR,"(19.745, 96.12972)",19.745,96.12972,['Myanmar']
gambie,2,gambie,banjul,GM,GMB,"(13.451173, -16.596967)",13.451173,-16.596967,[]
libye,2,libye,tripoli,LY,LBY,"(32.8925, 13.180012)",32.8925,13.180012,['Jamahiriya arabe libyenne']
indonesie,2,indonesie,jakarta,ID,IDN,"(-6.182283, 106.839426)",-6.182283,106.839426,[]
liberia,2,liberia,monrovia,LR,LBR,"(6.31459, -10.802055)",6.31459,-10.802055,[]
palestine,1,palestine,jerusalem (proclamee),PS,PSE,"(31.759595, 35.215315)",31.759595,35.215315,[]
palestine,1,palestine,ramallah (de facto),PS,PSE,"(31.922596, 35.169644)",31.922596,35.169644,[]
cuba,1,cuba,la havane,CU,CUB,"(23.13302, -82.38304)",23.13302,-82.38304,[]
erythree,1,erythree,asmara,ER,ERI,"(15.33805, 38.93184)",15.33805,38.93184,[]
paraguay,1,paraguay,asuncion,PY,PRY,"(-25.30066, -57.63591)",-25.30066,-57.63591,[]
brunei,1,brunei,bandar seri begawan,BN,BRN,"(4.889737, 114.941695)",4.889737,114.941695,[]
chypre,1,chypre,nicosie,CY,CYP,"(35.178646, 33.368885)",35.178646,33.368885,[]
guinee equatoriale,1,guinee equatoriale,malabo,GQ,GNQ,"(3.75, 8.78333)",3.75,8.78333,[]
andorre,1,andorre,andorre-la-vieille,AD,AND,"(42.504294, 1.518714)",42.504294,1.518714,[]
lituanie,1,lituanie,vilnius,LT,LTU,"(54.700902, 25.251531)",54.700902,25.251531,[]
madagascar,1,madagascar,antananarivo,MG,MDG,"(-18.902964, 47.522391)",-18.902964,47.522391,[]
tuvalu,1,tuvalu,funafuti (vaiaku),TV,TUV,"(-8.4379, 179.17031)",-8.4379,179.17031,[]
maroc,1,maroc,rabat,MA,MAR,"(33.970785, -6.842736)",33.970785,-6.842736,[]
soudan,1,soudan,khartoum,SD,SDN,"(15.55177, 32.53241)",15.55177,32.53241,[]
chili,1,chili,santiago (officielle),CL,CHL,"(-33.428532, -70.630133)",-33.428532,-70.630133,[]
chili,1,chili,valparaiso (legislative),CL,CHL,"(-33.040183, -71.626052)",-33.040183,-71.626052,[]
sri lanka,1,sri lanka,colombo (executive et judiciaire),LK,LKA,"(6.934744, 79.842725)",6.934744,79.842725,[]
sri lanka,1,sri lanka,sri jayawardenapura kotte (officielle et legislative),LK,LKA,"(6.907821, 79.894725)",6.907821,79.894725,[]
tunisie,1,tunisie,tunis,TN,TUN,"(33.687264, 9.007775)",33.687264,9.007775,[]
ghana,1,ghana,accra,GH,GHA,"(5.545935, -0.210089)",5.545935,-0.210089,[]
guinee,1,guinee,conakry,GN,GIN,"(9.51356, -13.703869)",9.51356,-13.703869,[]
lesotho,1,lesotho,maseru,LS,LSO,"(-29.31667, 27.48333)",-29.31667,27.48333,[]
panama,1,panama,panama,PA,PAN,"(8.9936, -79.51973)",8.9936,-79.51973,[]
haiti,1,haiti,port-au-prince,HT,HTI,"(18.547808, -72.343769)",18.547808,-72.343769,[]
macedoine du nord,1,macedoine du nord,skopje,MK,MKD,"(42.00122, 21.42878)",42.00122,21.42878,['Macédoine']
seychelles,1,seychelles,victoria,SC,SYC,"(22.381131, 114.135572)",22.381131,114.135572,[]
guatemala,1,guatemala,guatemala,GT,GTM,"(14.64072, -90.51327)",14.64072,-90.51327,[]
bhoutan,1,bhoutan,thimphou,BT,BTN,"(27.484688, 89.603205)",27.484688,89.603205,[]
afghanistan,1,afghanistan,kaboul,AF,AFG,"(34.52813, 69.17233)",34.52813,69.17233,[]
montenegro,1,montenegro,cetinje (presidentielle),ME,MNE,"(42.392165, 18.923124)",42.392165,18.923124,[]
montenegro,1,montenegro,podgorica (administrative),ME,MNE,"(42.44111, 19.26361)",42.44111,19.26361,[]
